NAME,i (deg),q (AU),e
2P,11.9405,0.330915,0.850213
107P,2.7860,0.996389,0.622794
26P,21.0990,0.994690,0.664326
